<?xml version="1.0" encoding="UTF-8" standalone="yes"?>
<manifest>
  <control namespace="MultiSelectLookup" constructor="LookupMultiSelect" version="1.0.0" display-name-key="LookupMultiSelect" description-key="Multi-Select Lookup Control for Model-Driven Apps" control-type="standard" api-version="1.3.18">
    <external-service-usage enabled="true">
      <domain>cdnjs.cloudflare.com</domain>
    </external-service-usage>
    <property name="selectedItems" display-name-key="Selected Items" description-key="The lookup field bound to this control" of-type="Lookup.Simple" usage="bound" required="true"/>
    <property name="hiddenField" display-name-key="Hidden Field (JSON Storage)" description-key="A Multiple Lines of Text field to store selected lookup records as JSON" of-type="Multiple" usage="bound" required="true"/>
    <property name="recordNamesField" display-name-key="Record Names Field" description-key="A Single Line of Text field to store names of selected records" of-type="SingleLine.Text" usage="bound" required="false"/>
    <property name="LookupEntityLogicalName" display-name-key="Lookup Entity Logical Name" description-key="Logical name of the target entity (e.g. contact, account)" of-type="SingleLine.Text" usage="input" required="true"/>
    <property name="LookupEntityDisplayName" display-name-key="Lookup Entity Display Name" description-key="Display name for the New Record button (e.g. Contact)" of-type="SingleLine.Text" usage="input" required="false"/>
    <property name="NameFieldLogicalName" display-name-key="Name Field Logical Name" description-key="Logical name of the display field (e.g. fullname, name)" of-type="SingleLine.Text" usage="input" required="true"/>
    <property name="LookupOption1LogicalName" display-name-key="Subtext Field 1" description-key="Optional subtext field (e.g. emailaddress1)" of-type="SingleLine.Text" usage="input" required="false"/>
    <property name="LookupOption2LogicalName" display-name-key="Subtext Field 2" description-key="Optional subtext field (e.g. mobilephone)" of-type="SingleLine.Text" usage="input" required="false"/>
    <resources>
      <code path="bundle.js" order="1"/>
      <css path="css/MultiSelectLookup.css" order="1"/>
    </resources>
    <feature-usage>
      <uses-feature name="Utility" required="true"/>
      <uses-feature name="WebAPI" required="true"/>
    </feature-usage>
    <built-by name="pac" version="1.38.3"/>
  </control>
</manifest>